{"Modules":[{"Key":"","Source":"","Dir":"."},{"Key":"acr","Source":"./modules/acr","Dir":"modules/acr"},{"Key":"aks","Source":"./modules/aks","Dir":"modules/aks"},{"Key":"app_insights","Source":"./modules/app-insights","Dir":"modules/app-insights"},{"Key":"database","Source":"./modules/database","Dir":"modules/database"},{"Key":"log_analytics","Source":"./modules/log-analytics","Dir":"modules/log-analytics"},{"Key":"networking","Source":"./modules/networking","Dir":"modules/networking"},{"Key":"storage","Source":"./modules/storage","Dir":"modules/storage"}]}